File Path,Line Number,Line Containing Searched String
File Path,Line Number,Line Containing Searched String
File Path,Line Number,Line Containing Searched String
File Path,Line Number,Line Containing Searched String
File Path,Line Number,Line Containing Searched String
File Path,Line Number,Line Containing Searched String
File Path,Line Number,Line Containing Searched String
File Path,Line Number,Line Containing Searched String
File Path,Line Number,Line Containing Searched String
File Path,Line Number,Line Containing Searched String
File Path,Line Number,Line Containing Searched String
